commit	accuracy	cost_cents	status	description
1da9bfb	1.000	0.9	keep	Clarify neutral category for mixed/ambiguous sentiment
793dcfe	1.000	0.9	keep	Cycle 2 - Simplified to 3 core examples
2b9a089	1.000	1.3	keep	Round 4 baseline - current prompt config
0e6e11f	1.000	1.3	keep	Cycle 1 - Reduced to 3 few-shot examples for simplicity
aa515c1	1.000	1.3	keep	Baseline for round 4 (MOR-36)
72c2460	1.000	1.0	keep	Streamlined system prompt - 23% cost reduction
d90825f	0.960	0.8	keep	Baseline for MAG-143
b4622b6	1.000	1.0	keep	Hypothesis 1 - Enhanced positive signal recognition
cc545b2b\t1.000\t0.9\tkeep\tCycle 2 - Streamlined system prompt (10% cost reduction)
